[
  {
    "title": "บทไหว้พระ",
    "content": "นะโม ตัสสะ ภะคะวะโต อะระหะโต สัมมาสัมพุทธัสสะ\nนะโม ตัสสะ ภะคะวะโต อะระหะโต สัมมาสัมพุทธัสสะ\nนะโม ตัสสะ ภะคะวะโต อะระหะโต สัมมาสัมพุทธัสสะ",
    "audioPath": "assets/audio/wai_phra.mp3"
  },
  {
    "title": "บทชินบัญชร",
    "content": "ชินะปัญชะระ ปะริตตัง มังรักขันตุ\nสีเสนะ อะภิหะริตวา ติรังสัง\nพุทธะชิโน ชินะเต เชตะวา มารัง",
    "audioPath": "assets/audio/chinabunchorn.mp3"
  },
  {
    "title": "บทแผ่เมตตา",
    "content": "สัพเพ สัตตา อะเวรา โหนตุ\nสัพเพ สัตตา อัพยาปัชฌา โหนตุ\nสัพเพ สัตตา อนีฆา โหนตุ",
    "audioPath": "assets/audio/metta.mp3"
  }
]